,0,1,2,3,4,5,6,7,8,9,10,11,12,13,14,15,16,17,18,19,20,21,22,23,24,25,26,27,28,29,30,31,32,33,34,35,36,37,38,39,40,41,42,43,44,45,46,47,48,49,50
0,0.2617993877991494,0.6821592048817224,0.6177182511445766,0.18338034635700778,0.5509909770483381,0.6938097578546204,0.3857075381313835,0.343713248992867,0.688382062755807,0.5554427009374422,0.17798747568126372,0.5944601950704618,0.6542194323524344,0.3118844648529812,0.4186716357751741,0.6799075641844564,0.4877614172790806,0.22564487117023013,0.6230303404779206,0.6042015342443429,0.2528154811706549,0.48271016538197986,0.6575772383100905,0.4185614678675432,0.29606983277060267,0.6366110592038575,0.5461285947604158,0.22610133888961573,0.5338142762479948,0.622591461771013,0.353585765404257,0.36931401580538215,0.6354916774261543,0.48311834938242804,0.24335683358601884,0.5709697051515913,0.5765491525742641,0.3017538815998714,0.43671895205093103,0.6202537271620362,0.419457646317704,0.2937109830785858,0.5937654252770856,0.5215928322602517,0.27518708012042586,0.49424418460284014,0.5917169863666202,0.3613003736795017,0.35814645525894157,0.6021631766258813,0.46072481769864465
1,0.2617993877991494,0.7125058685327347,0.6680446609394313,0.23409882515214256,0.5154719130459215,0.7326028846513714,0.4904888063244407,0.2371377406742795,0.6679753421085454,0.6442767204289084,0.27783298301965614,0.4716720442670071,0.6962024717056675,0.4831797710838688,0.2426446776291364,0.6281717987833783,0.6141361017586351,0.3057000238868108,0.44459453583682834,0.6635775822423762,0.46198027741386116,0.2699736026814643,0.6002895144244114,0.5854681981315752,0.3147906194476254,0.4389366078297161,0.6418332709836145,0.4335525108609043,0.3036557174640672,0.5895042226047376,0.5665273658284127,0.3048520179359642,0.45297574132400015,0.6361419508609921,0.4072853980698783,0.33109528982989955,0.5970336585536835,0.5639056408170868,0.27859865596695643,0.4791200623540713,0.6480564658142708,0.39382171119910253,0.3444367992463193,0.6194680389947251,0.58022499338127,0.24239325278746693,0.5074944307464734,0.6749369660780189,0.40137613198312244,0.3396897047826768,0.6500291489630159
2,0.2617993877991494,0.7438436741093222,0.7186520638613374,0.30664307748814157,0.46257174111395405,0.7576660488179605,0.5745002837013558,0.20396835594006674,0.6064292769371344,0.7007448527090946,0.41182181511569627,0.32727127698492914,0.6794125874446247,0.5847679327714624,0.29230754310959073,0.49765361330221697,0.68220279844493,0.4295698666405346,0.3199807173421263,0.6268411317293167,0.6180303112662808,0.28842127347170665,0.46326449494360455,0.6961061358487803,0.4901159243007866,0.287617418097822,0.6165176275897163,0.6986745845064452,0.31276311003924073,0.430983310974895,0.7320771782840797,0.6288550786412748,0.17240604247961727,0.6006701774807025,0.7884225504190459,0.4851901621406352,0.2907378554936104,0.7443410927169501,0.7726019611364965,0.27975085079283823,0.4973903217585799,0.835609878820875,0.6795809046175071,0.10221019133501871,0.6761885466333535,0.8573149247688584,0.5146230069616344,0.2806094716545625,0.7995630781670435,0.8031833367364792,0.2956040145976866
3,0.2617993877991494,0.7760116262154726,0.7689209673204596,0.3846115020671898,0.3949917247645303,0.7677237559239056,0.6386968743358172,0.28440712217607855,0.516425060006462,0.740584837222975,0.4922252290383026,0.29623787280261,0.6281547600036768,0.7087580617793231,0.34076181110085324,0.4118470848359747,0.731705505844433,0.6722333893140207,0.2057373317422146,0.5598881242117477,0.8196836725083889,0.6190037900223209,0.1703756785972009,0.7011845154374782,0.875031303768087,0.5372272638018796,0.27466602761936887,0.8128000053904209,0.8798363491339235,0.42463652520487116,0.4084170074089,0.8766030990356896,0.8268040142465786,0.2919363212389515,0.5255302060111767,0.8826330452355499,0.7233049884780445,0.17626850563420535,0.6122635699236133,0.8351445301558625,0.5863452348458215,0.18630532413533618,0.668510368808946,0.7506806593706229,0.4378647154988001,0.31426772828861427,0.704831962647581,0.6474164909782967,0.3126743324801713,0.4648566085161677,0.7345361313128311
4,0.2617993877991494,0.8088483318665433,0.8192256486623093,0.45140137052788487,0.3274186439010502,0.7643719474375127,0.7097747653053167,0.33065890211803334,0.4493828424094868,0.7823761481202463,0.660343599086641,0.21665478500790972,0.5944995716706656,0.8675928488565595,0.6745704007698214,0.13966940919698417,0.7171236913447558,0.9546064939431473,0.696679718075012,0.11276713776762984,0.7795992409415279,0.973319800264988,0.6733034923258571,0.12784828780585503,0.7731503507879182,0.9057129405944963,0.587939280543162,0.1942668450560826,0.7333446707073646,0.7982924727329034,0.45766511588881587,0.31138035119658974,0.7268579652590007,0.7259284373154861,0.3155187990886516,0.4535334741439449,0.7943822819084457,0.7275604872577918,0.19551757663051872,0.5863173748807992,0.9011208598033204,0.766533998977648,0.12402849711653544,0.6757456902968828,0.97222507758753,0.7760189412403252,0.10585037923025903,0.7028442474283717,0.9580575111511977,0.717924222034014,0.13292989053392285
5,0.2617993877991494,0.8421970832526865,0.8713812382908037,0.4978567886971699,0.2942881270980594,0.7548513913217133,0.8197165163594337,0.3904182315294297,0.4160354448235323,0.8361103712678496,0.9269412647491115,0.4691143895594168,0.4056973091788282,0.9357426165462438,1.0113349274203212,0.5937986368075076,0.2697598652028394,0.8814405840821136,0.9372705056846349,0.5732954788106994,0.22580280390188295,0.7554289318914655,0.8306480104439504,0.44773544078341365,0.3546161936303141,0.7678727645788958,0.8796254505660089,0.4526880246909578,0.39489156077141135,0.8897727837613502,1.0015065576715896,0.5909051040524828,0.28693253002143293,0.9050631266773365,0.9947877032241551,0.6325682266271123,0.17868919497973504,0.7824759030936916,0.8733987422177599,0.5241345739759001,0.2862548795085571,0.719739971185081,0.8460416710088435,0.4566292603994661,0.36904668660573836,0.8218402403026499,0.9635352887121785,0.5715268331371776,0.30138825339278713,0.9007821898719084,1.0270234780470828
6,0.2617993877991494,0.8759116627461412,0.9288186187715738,0.5422895640844074,0.30566393828184346,0.7543934929770386,0.9726652221372044,0.6766701176436988,0.19025012794738444,0.8459949026963818,1.1133957419739628,0.8806802057387506,0.22116355916600314,0.6569136468853713,0.9879809886551723,0.7930257433977307,0.33868405737266266,0.49493629659197436,0.9043543401556107,0.8780239305121226,0.299890856910048,0.5629745135076171,1.0265288143657154,1.0590032799401874,0.5962977285459062,0.2983312282518569,0.9181508411040843,0.9643831100984818,0.5824024898506871,0.26727095421996544,0.7355717786492717,0.9397409303882337,0.6366916105766509,0.22946717069136063,0.8225461386212128,1.100220886266515,0.8811756653677331,0.17722074129013482,0.7000822734610407,1.029330416623147,0.8305537287938637,0.36789025643521767,0.47094042930959,0.8894685896998477,0.8432486370636431,0.2857728174174417,0.5503495985935211,0.9965273153944667,1.0487613127653013,0.57294707341272,0.34309337217376074
7,0.2617993877991494,0.9098628567125113,0.9962097282241434,0.6399058742281806,0.2690990154479759,0.7761469833663426,1.1334127589865124,1.0038129156646012,0.3469402266484196,0.6012610081404373,1.0594979477653212,0.9586398260820788,0.48207661835635596,0.3631604621189801,0.8671232143804584,1.0960981283195141,0.8023082406386247,0.08337043870072557,0.8657899679975404,1.1433886502498203,0.8920794417948588,0.3873061540363819,0.4743090215902516,0.9449604288448646,0.9996730457491956,0.5077599609917505,0.4286632106250945,1.0271538068371528,1.1644417599043813,0.8017939668468689,0.21311208713387336,0.6851958896777481,0.9920914977752567,0.8455552182179711,0.2090585206133655,0.6508008046595884,1.1101502693565535,1.1241850918145437,0.6526476666231555,0.23646256986142508,0.8955542900863451,0.9978170904103746,0.6551993441031454,0.25713560412250375,0.7678596156192776,1.1334629406491286,1.0158100356891338,0.37483073175727916,0.5760912895837104,1.0504346985509743,0.9633058496245976
8,0.2617993877991494,0.9439452492338185,1.078423547652931,0.8311212096513526,0.1271072041408891,0.7829943234412604,1.2311502935033594,1.1313512584442935,0.620319618553995,0.25911603928379373,0.8564239922849296,1.1431986092289452,0.9774028400852174,0.22048527660128225,0.7365295525257154,1.1638146704204397,1.0330856316164043,0.5323930950744923,0.3667826097189998,0.9151999215292338,1.253225518609565,1.0315922493706766,0.37966855287258056,0.5759756658409021,1.0388950840667992,1.0418217691376488,0.6060531066322623,0.34109055442461894,1.001664830492835,1.2624383519698923,0.9516494421196859,0.3990557048802115,0.4937907042843752,1.0104217970027767,1.1603217522378382,0.7660278755556725,0.1793016169644371,0.9594631360891133,1.1576804461602368,0.8817930565093702,0.2920493473557871,0.5800134135911473,1.1015698328297665,1.2416626326787206,0.8194016178592638,0.11568107148936295,0.812731849814649,1.0762856775365621,0.9539873909610751,0.30157884077847996,0.6325001621136835
9,0.2617993877991494,0.9780842763419324,1.179030375706549,1.083183117869309,0.39757206733828754,0.6331745879095759,1.1823442237626978,1.1622903969041274,0.8408703184476276,0.1207425320626946,0.8466357716050521,1.3102627975224972,1.1615041059326807,0.636657644568523,0.31956757740957403,0.9006233783291944,1.3448644857664531,1.1614501072678238,0.5762523631141657,0.32548835328876735,0.9580861017519662,1.3014873647890581,1.1093975834970509,0.4363140676047024,0.5582576994871981,1.0763985795339288,1.207245915915881,0.9307618481107971,0.06879063365223026,0.8767029014083876,1.213598619029391,1.0955620594599882,0.6282633749099082,0.35548493972016026,1.056519539315894,1.319922944393512,1.0068194289355463,0.3938728863350383,0.5099497576925408,1.1055630273217731,1.3624144251072245,0.9652873074781169,0.3686481298747767,0.567245401125786,1.1165357810502508,1.3219334186384386,0.9115174493738857,0.15443756069621623,0.7910155597198403,1.1433979108225618,1.1954423620048333
10,0.2617993877991494,1.0122428170800257,1.2988489102159146,1.3057396199210087,0.708518835687838,0.2765961965972867,1.001439854595462,1.3400084549055091,1.286338285491196,0.6632635027164923,0.30203505480668436,1.0032449368997358,1.3862368959454827,1.249416328208939,0.609786844656664,0.3391834885613128,1.0208931063655509,1.428732844391902,1.1988011813553208,0.5502425384277418,0.3872323960508944,1.0548504642086378,1.459058974800003,1.1403429016515543,0.48703500201477556,0.44405540489347706,1.1026217283544473,1.4708947915614767,1.0808713792565574,0.4226745727377792,0.5068436558640642,1.1591898561877982,1.4615708558621572,1.0271691502852227,0.3596952924273115,0.5724888444689593,1.2178564002251677,1.4328008936031258,0.9849926152313411,0.3006301926174983,0.6377554887285202,1.2712590200942944,1.3902495684910314,0.9581362922943149,0.24802313831853298,0.6993857126377492,1.3125168813136456,1.342155723028774,0.9476945755696333,0.20438456548108938,0.7542385965388637
11,0.2617993877991494,1.0464269260711148,1.4349714159202993,1.4212002856259012,0.754993080991443,0.2999447628721721,0.9401631193139796,1.5254463828166536,1.3302849590960635,0.9779852874172923,0.07835393609679743,0.9357083436528385,1.3539656270878824,1.4444477480374098,1.2070016133440633,0.4771380500291429,0.5603364976569771,1.1907466581471016,1.5819104535036186,1.139438888355664,0.43298108360562154,0.5563736980711442,1.2612891721832462,1.4684881080460168,1.2846347008704215,0.7955603037295772,0.28680344411376474,1.1074383741504823,1.3546918366535003,1.4894178244074918,0.893809425049614,0.24872878234995466,0.8298624601541734,1.447049120038002,1.4233065461760293,0.9336085534496169,0.1344554015055127,0.8773453602874882,1.4267794821777047,1.3750048419296448,1.2418971706456718,0.5161880049019434,0.5808925370501486,1.1756085199483033,1.5235410587712939,1.2617319873114976,0.5507700092453773,0.41859701287178047,1.130724923043605,1.5574543299335384,1.2391176069632521
12,0.2617993877991494,1.0806899425596121,1.58043427505746,1.4739594847106792,1.0569444281032694,0.16085017561011794,0.9142341754808245,1.382259421266606,1.6520534936148792,1.2907400579670856,0.5636912910866942,0.4895557249076423,1.2554584251039314,1.5252385339897494,1.5977627223719162,1.0607269105651065,0.33597204686479076,0.7355702368321018,1.4758206284803344,1.5329589880037398,1.4029840229969865,0.7703608171596165,0.31711497441265113,1.1004461319115517,1.6285879031849235,1.4307442804455712,1.03986729047199,0.10487190256585883,0.9545735574458503,1.3757646907432326,1.6799365184784085,1.2353149140957473,0.5086806096237558,0.5485355518423437,1.3078627827696372,1.5039228033994372,1.6021223762003287,0.9921251814420541,0.30264871992087344,0.7976525955887294,1.5283453158365026,1.5053072813980795,1.3931504883860846,0.7139887363381883,0.3714248190043756,1.124936877984883,1.6668082969389046,1.3975132038059717,1.0197708708180904,0.053275570171770474,0.9896046085959206
13,0.2617993877991494,1.1151343461880872,1.7246554426025713,1.5992659317911222,1.4100724159409321,0.6008172811382982,0.4643041367439215,1.2922585569697749,1.717872394449411,1.7303030597453093,1.0937323650395734,0.2862035896859389,0.7935142169172379,1.5671255797491195,1.652043821280934,1.5634925185460664,0.9208082901590321,0.14927411468455287,1.0929511257117817,1.5048735733131915,1.8365401819976261,1.3861936337619072,0.8871064556407412,0.26308472880375106,1.1561915782111938,1.5994404601460144,1.64464295675026,1.448130043827202,0.7175637643998154,0.39517496470149316,1.1895787365710195,1.7913019328849593,1.650895029245237,1.2370270271044406,0.4228518369878688,0.6443784975887585,1.4805921612251618,1.6344076877798368,1.6843709484041627,0.941062303018084,0.19509294139829156,0.9899352587791455,1.5797739167087814,1.7714752148975554,1.4082577671728198,0.8626022524542265,0.2653348914601535,1.1894131507055425,1.5134262301503496,1.7596995278855578,1.4016230773088016
14,0.2617993877991494,1.1499107231552304,1.855079377993753,1.846899042757183,1.444810775223422,0.818492456334459,0.3795169048468379,1.2794391124167772,1.6814151809150868,1.7755429299861538,1.6304835593260516,0.7602800539969028,0.38843393109082325,1.251678440592186,1.6470983612805745,1.9351768565117407,1.6644637297393,0.9445319347662138,0.24989562346678243,1.0460439738414902,1.7908492751560725,1.943451814546491,1.5270504659624637,1.0837394339440412,0.07009234466421785,1.0189813211555667,1.7229738740326348,1.7875832973948584,1.5946697164527686,0.9911475105704143,0.11301550592962738,1.1434846242135672,1.5580559895215373,1.854855886755701,1.7652617684869658,0.9366598487961626,0.23560284415719354,1.080019232212695,1.6340127283109223,1.9837050757102062,1.6849806508193914,1.1203906105921686,0.3124986797186837,0.8708305384372915,1.7225565829893543,1.8491057877256045,1.5980398796425233,1.2385818866410674,0.28876473100091543,0.863235637914744,1.556733413104917
15,0.2617993877991494,1.1852132767234536,1.9606362928018242,2.1201678413398373,1.764082407791585,1.0964462195244704,0.3000549572959729,0.9860687794110149,1.7914071785319885,2.12742068990799,1.951465405280263,1.2266789448669244,0.32551573244384807,0.8834468813415816,1.5326915716092357,2.0803064745404427,2.071071338217455,1.4993689897517606,0.8745247281689267,0.3614099248628411,1.2356726844900334,1.9734304288016824,2.1297733112619386,1.7639806186482527,1.0148771773265641,0.292691843926999,1.067229015985516,1.7953774536965137,2.132345124575771,1.9505817005319104,1.1701994283050037,0.23151383873552903,0.9592007411672844,1.5461819502539491,2.0783353187959785,2.060900166264194,1.4848274149229048,0.7993430945728891,0.4493579803011198,1.2862666904837334,1.9632576835622024,2.110270894860159,1.7607220970291575,0.9310182209168533,0.3108345647171452,1.1524486288228315,1.7832232988500862,2.10561964005686,1.9318766023766514,1.1254054589747458,0.15239024445091953
16,0.2617993877991494,1.2212720932105248,2.0365586246040057,2.2770692869533504,2.034409150453669,1.329158422625704,0.4017357757805054,0.888215957537912,1.6015004147850447,2.0237606728024655,2.0283137825146293,1.585210809098402,0.927234243955529,0.36116404331822105,1.293542651328165,2.046937293517547,2.2917303804620897,2.0534568922503023,1.239948479727332,0.2999311130850672,0.9742413981433374,1.5587018086387152,2.069502870113257,2.056200142811883,1.6869573187731606,0.8281722513279713,0.4389283494187657,1.3885439414614134,1.9563171591665947,2.205635402952073,1.9751755700346596,1.234169954206466,0.2450861960227959,0.9752064187764122,1.6118964993979652,2.1686966971850388,2.157114743456649,1.7925236579878836,0.79257004066725,0.44704608714942556,1.4116382747798257,1.852140763976512,2.1142012571640656,1.8909933195158652,1.3216709854290094,0.3145345552394105,0.8860994325512929,1.700226970157278,2.224158400697177,2.243750447321899,1.8207132931538172
17,0.2617993877991494,1.2583412482194947,2.087664364078932,2.324752169190238,2.016470939659281,1.5073660202001782,0.4160422287987443,0.8213759936919351,1.7364425640614183,2.3252642161466985,2.3554462360928374,1.9156137783611935,1.2139490441595389,0.06146848783615196,1.115069827443536,1.997437581211374,2.4255973430893776,2.3092070540951846,1.7796326793360688,0.7137398983967482,0.527446207777438,1.582468513958514,2.0845367704897986,2.411716290448678,2.153073505498516,1.318781054305596,0.37179158788940647,0.9586245299439262,1.6721666063722032,2.1691477026919195,2.2941338712086066,1.8244141477701707,1.0334618942455407,0.31272108007306154,1.2700636564628656,1.8879363238038065,2.241623180842725,2.093371240837999,1.4562926867226664,0.6464347180106162,0.7371352070320507,1.4769917513912578,2.1648497166233844,2.259852077553166,1.8730907333454212,1.3531141618093465,0.36571847829461857,0.9482052861126354,1.904547720110275,2.3701507647190048,2.2261908318536694
18,0.2617993877991494,1.2966845840129666,2.12668114401567,2.4086210628278266,2.2063695778194568,1.452007131411302,0.6167432552255556,0.8079765419397943,1.6156016432625864,2.232509638900763,2.5413832904278895,2.134737508102682,1.1704522541626519,0.02455975146430157,1.2176807922135873,1.9963390008989927,2.5557242012686063,2.402213013714367,1.8099820781472875,0.7870721345682408,0.5872274578375327,1.5031467731842494,2.294606276190551,2.4910649714219777,2.0812821094435554,1.4269991940000923,0.3190277802717822,0.9941560971899865,1.6909889038902477,2.2932978491204112,2.401684488569047,1.9796977578311201,1.0676790878460367,0.30453366930437575,1.3396035705850031,1.9162218334053274,2.4561004496580354,2.4489990738311564,1.8327803717127535,0.7192110476091469,0.5708918139402549,1.6667863239535525,2.2905520805665223,2.6042864463440694,2.1129815365621343,1.530884787228991,0.4511064377357504,0.8747779871239001,1.8981841838201532,2.44767132291995,2.3417579281819663
19,0.2617993877991494,1.3365586324275143,2.168313218207105,2.598469166638527,2.416899934148137,1.6490841663646272,0.6177144531003973,0.7562959366337608,1.9491201156803484,2.588948993218746,2.4848805227574684,1.9412928634229003,1.1022224654320971,0.3561298055785436,1.4246051197836023,2.0693201566993804,2.732548462097773,2.366732680968783,1.6760182240031636,0.5175634565782704,0.8766463298266567,1.6617332752213538,2.357840602617641,2.6116199359150687,2.2115956149465816,1.216363917673005,0.02340076299382927,1.2243609144292402,2.1608158846389127,2.6918543621582254,2.3448008506028577,1.660401813773087,0.9449403079675596,0.47069857077205124,1.5520661823823816,2.2566403627979765,2.772051303407597,2.1876893334205785,1.5178922749478754,0.4192125144876808,0.9862880215216316,1.978383311562281,2.4916424732529436,2.5346394941690513,1.9585646215699697,0.8492272164057788,0.5247302827904134,1.6266388782289973,2.346389053600194,2.693071240162005,2.16325157853431
20,0.2617993877991494,1.3781942702436916,2.223428110940602,2.8565669921135,2.3067182926730583,1.569045805938988,0.38635476593852,1.0810125566716031,1.9294818330333752,2.5970337586836183,2.6660936955150034,1.8677126783199927,0.7915327901226851,0.7057288287431608,1.558993129166135,2.3512602830424196,2.8647498846908332,2.2013563832276444,1.4316877206918326,0.26091668312957833,1.1499009573542927,2.094775180338809,2.6848663336285163,2.5549954197812186,1.7784948094190538,0.489947515809785,0.9171825006400225,1.7572935270057242,2.462750321012237,2.8212849351066907,2.0973831644661343,1.177796590190309,0.19976736635404696,1.3220231588073326,2.2407129454822106,2.7474843872205734,2.4400185803404075,1.662455999603937,0.4824330273716973,0.9507784455620214,1.952369592866402,2.5602992763657317,2.732900822340825,1.9944233666584463,0.8261233045096557,0.64149327667242,1.554938346511206,2.379189850489575,2.7740626572259597,2.326006625682419,1.4700902102875417
21,0.2617993877991494,1.421778384088191,2.296242937761879,3.0292898948530267,2.126190594852008,1.3192285715649401,0.32458862941571187,1.4393103866426824,2.2105927741557383,2.9992172803360777,2.336021660121511,1.431737526949686,0.377323341463745,1.0793462174352155,2.1865468723636696,2.840934013580126,2.6271232335217545,1.845956281593357,0.6345245224344693,0.8129256570874953,1.9232164187786582,2.611354552323728,2.838256141907425,1.9670500530541182,0.8925387347060774,0.6497826489062037,1.5681145315851492,2.4196134126337756,2.8940484411264893,1.9925392887341378,1.231787590220275,0.317400043710047,1.5520491517424262,2.3581929382321785,2.903966663998608,2.2419539851906887,1.253374597004753,0.032782748355306264,1.316848906144923,2.321624281637377,2.83858435670849,2.5565235695189132,1.700542307948243,0.5674899418976299,0.9201399851593383,2.0355185065065857,2.680289285239214,2.6970263139753814,1.8204844164763734,0.612874003369084,0.9146845126245962
22,0.2617993877991494,1.46743647816028,2.3843431066941303,2.8768409456460233,2.0206303757318245,1.0649332733957146,0.49782907753750827,1.7410329776709221,2.6307151065416763,2.9357168073582858,2.2108366797621173,1.0924633136610753,0.4278387195395641,1.4984588179686193,2.4118409044095936,2.8640386953864403,1.962919844048647,1.0935716757960319,0.44685963718709565,1.7838917409820694,2.6715773264215903,2.8832370911893355,2.187530988444171,0.9616456084413922,0.5855864817163867,1.5538875994401695,2.447814701816258,2.854965571505151,1.9167909961067802,1.1134420333089592,0.4003586132174048,1.8020737926029275,2.7014033024002146,2.829513277055978,2.1476142303258317,0.849701420641537,0.7018552878170703,1.6289301893348942,2.491277389667545,2.849690779784459,1.8851722752664628,1.0991626690107659,0.42100364737981366,1.8011912769156055,2.7208929139480413,2.7755401242625664,2.090911668301911,0.7768283099216453,0.7588380209188835,1.715781611217717,2.540406059336615
23,0.2617993877991494,1.5152171439804234,2.4802552989618873,2.73457845443911,1.931843043091702,0.8356963267931409,0.7227077524457276,1.9398882836122673,2.712100382018007,2.607220938096673,1.6291402733985283,0.3480013284198782,1.2049136912426384,2.215664979657599,3.0800662842520703,2.515889464130264,1.5137911922940592,0.23327816452140854,1.306872558403758,2.269653845370129,2.9051962723485873,2.079708122381034,0.9876976353911422,0.6133761932947625,1.752417236298758,2.610342537888268,2.846101248618813,1.8299101788066006,0.805375165165372,0.8383602168742297,2.0050682250595493,2.9825432560524265,2.6630404574925555,1.7510282416178644,0.49627350054760055,1.1429941483041384,2.0887047336969133,2.986620842182245,2.23276677832097,1.19014931576374,0.29818935241256866,1.5165058321810592,2.505341507742528,3.0661973485818086,2.045251920452546,1.153132832161523,0.4247062479966606,1.7933833859482777,2.776769176875611,2.7519010799490125,1.9460064335894716
24,0.2617993877991494,1.5650801005259207,2.5736052718266023,2.6469628947856063,1.7985232114074272,0.6452176858489382,1.0107577675396184,2.0891130138465637,2.8884712433859874,2.1370821638520203,1.078615761576073,0.5839503780233583,1.7387382362368404,2.6172466943653094,2.655438179309476,1.638277314588277,0.4199267542675513,1.1696900944975162,2.3487131431400745,3.0738009271679783,2.2679214998985517,1.2929156686654488,0.2946189300746438,1.7683990992380374,2.7779131162972104,2.7463437708971066,1.8423261443034815,0.4678970235228235,1.2204981075457317,2.131549572090783,2.91911334141383,2.2097380390295367,0.9568682427144996,0.6744627092316344,1.6642523200873534,2.586079648132212,2.510018169274296,1.5390035502883321,0.4400713941397356,1.1150987656739721,2.3239746525772498,2.9623916672140673,2.0642974172892328,1.1982439989308693,0.4276607351233351,1.9326822738173648,2.8346737505429247,2.7190853167430036,1.7327868019456218,0.2836207135823616,1.394619031443228
25,0.2617993877991494,1.6168872334508613,2.6535184845198456,2.5791967180668154,1.6043235893831593,0.3346659118885241,1.330682039076482,2.35313729267178,2.67827899870008,1.8452321472562987,0.6471927377072001,1.0757508588352176,2.105594844963753,2.7873129882184595,2.0333710726535004,0.8155470663521857,0.8682865280554268,1.8994414365151258,2.753772835074851,2.201470537594638,1.082741248576082,0.602409188906591,1.6834800535429444,2.58912849173237,2.4044989807435244,1.3717849585674367,0.062282915459815284,1.4171235454669027,2.4585851629428856,2.6617541051739164,1.6508113446342931,0.558136357836739,1.0795435313430144,2.3406785490130577,2.880869529121319,1.935804952396384,1.016091540104371,0.6794897274304057,2.162572264314156,2.8983913292037196,2.2417968430397104,1.3126682774930547,0.39459710954385646,1.9218630130947667,2.8281028925299303,2.569306015703922,1.5729471913589925,0.36729762941028393,1.6528874996786036,2.6563981700849544,2.845844698846874
26,0.2617993877991494,1.6703980820764737,2.7113441376731173,2.492475582405027,1.3464946275668248,0.22837496289385625,1.6783600587966616,2.7221286050328457,2.5075587280742297,1.3710175846455166,0.20471889713645278,1.6808412510039024,2.7266527669595813,2.5172168467442715,1.38768119959709,0.18838245709746113,1.6775732944585315,2.7251745619256766,2.5221348339091283,1.3973665368682437,0.17727335032455865,1.668810041658122,2.7181126542982157,2.5224696035839105,1.400696641707924,0.17038098016359432,1.6550826278463964,2.705875845630816,2.517918209106699,1.3979371255381783,0.1679838700583662,1.6371767375297719,2.688904122793066,2.50794305677114,1.3891159075441744,0.1714102661475296,1.6163092290385694,2.6678583933891082,2.4921246367823504,1.3743258401766933,0.18238726767775967,1.594454936106225,2.6439143175133952,2.4706661848448306,1.3542321003066773,0.2020703000474438,1.574779867237046,2.619145985684761,2.445070222689847,1.3308662927859607,0.23025609711018866
27,0.2617993877991494,1.725269149925464,2.743267159204763,2.3705763005446916,1.0157641660246568,0.7602987974650047,2.050075518441917,2.888882154498082,2.149904637930578,0.6138885528572485,1.1527080548651103,2.3654110415200957,2.8407275120501922,1.853413440930805,0.19945727571191826,1.4607005400320987,2.568307846837011,2.5899615996955814,1.5423129736971217,0.3761944148667062,1.6996094101569172,2.6270062940277494,2.283147184608819,1.259026511788508,0.6152093132208554,1.87901211195073,2.645163705871344,2.015620022868327,1.0013187051403498,0.8073201147887694,2.01567342421872,2.626326208289555,1.819950826579557,0.7635305865454296,1.0674061488383009,2.179593141484467,2.550890949651038,1.637083406537181,0.4139244208600085,1.3504065144945185,2.415276282979669,2.4913903096052614,1.4148792642293935,0.11900558824208196,1.657480633880316,2.694784058342962,2.41442640009397,1.120634998170134,0.6214702557435443,1.9768980606981963,2.8762406973806987
28,0.2617993877991494,1.7810571774903101,2.75074670356517,2.219811168944763,0.6219036701331045,1.190836014913946,2.398581704819963,2.7247214056355324,1.6942667347015994,0.38525873749753453,1.7652637829892883,2.677160427308968,2.165532684049942,1.1556594022207733,0.6946622947001342,2.117949408149083,2.5676902080079755,1.6131420807917134,0.3583800990116754,1.2909963497697459,2.3769171546643575,2.273985502262652,1.0510615994974668,0.750208419779511,1.8366811066856121,2.6743320296753645,2.035145659486558,0.46342100924121665,1.4160789631276611,2.4693416560870936,2.6332066238540133,1.5743780458324588,0.3421018639194177,1.953809098575529,2.757764818982267,2.043730025110011,0.9363726320170956,0.8859218324292123,2.2594335154568888,2.4713593375373106,1.4327337620835043,0.10762554757062424,1.477582026525758,2.4651404136150763,2.1436238979830295,0.8452198970864548,1.0104198059024676,1.9975109888188693,2.657191636517756,1.8664082537422653,0.4714930634789304
29,0.2617993877991494,1.8372259984262589,2.73743720680178,2.053018776649895,0.29231513286503796,1.5173547810951626,2.601371138424142,2.291186660615506,1.2397675311027152,0.6674274688712024,2.1021082537027156,2.446411428432335,1.4285963378103155,0.12326594911489724,1.5479598011891098,2.515924973016325,2.0539784621251744,0.5720920968793995,1.360210923125682,2.4223098228102553,2.546672705573881,1.3915108547098478,0.4189094239680678,2.1472896872368326,2.681271049877004,1.703740927300146,0.05313953455203239,1.4714990612247776,2.4480635614428587,2.0140487868285915,0.8910892998074077,1.05570475135537,2.1166783353108336,2.4619797024171124,1.3996653415738818,0.23695462588398464,1.902838474123539,2.775697617777765,2.0286059609878992,0.252661133854383,1.4909758786479668,2.5692943139944844,2.228611403194673,1.2002008956933274,0.726035163083,2.061265474400526,2.4291400294718177,1.4239205863800868,0.09009597045684468,1.576996760422917,2.5568740247477897
30,0.2617993877991494,1.8931566829644046,2.7056333594509567,1.879214077604015,0.3761655054924978,1.7792703723012393,2.6153421238634493,1.8584366153419591,0.5556191738969125,1.2362726327557247,2.3436006534517353,2.048327210864338,0.7513965895889609,1.2472232178104838,2.3111713441517647,2.457062356434278,1.147225224498603,0.7223161048246505,2.302614919668901,2.5121108171014153,1.4482390365328424,0.6539531904900387,1.85144918101672,2.403982068603275,1.4871655336466698,0.0479123259671149,1.6483174416315582,2.5988079203877867,2.013132400838389,0.3485323755584385,1.6452252987749432,2.6283520703948526,2.0466622726199333,0.8349698889247326,1.0520795039559723,2.2682141830856035,2.121708591146679,0.8868338130882967,1.096487897052878,2.147700796286114,2.5026948094339754,1.3421577316855837,0.4616333898692672,2.1769048250196987,2.6578917370999213,1.6289885786208256,0.4905750473634137,1.7880678136878116,2.4775313470195766,1.6396394426028527,0.3456314084770992
31,0.2617993877991494,1.9481603679681396,2.655741395708867,1.7005589005770334,0.460709992663767,1.9636723872804602,2.425345410861399,1.401269244119412,0.4538057947096559,1.722671773457123,2.4561840263038626,1.582422199472186,0.17319797407130974,2.017466928624303,2.6523277253008555,1.6662839217807275,0.5277638387184694,1.7810216412343676,2.368281832624683,1.422846508768752,0.18104844588433347,1.7753967942868423,2.5920912001936465,1.7553823383714091,0.3841630667446257,1.9704282306567371,2.5444719405803946,1.5582152637763207,0.3644648103332586,1.6513345020977637,2.399138436849157,1.569608173045106,0.12950922580382268,1.871449232564766,2.6819116602592072,1.807684190858353,0.4513695347174722,1.8106302336871083,2.4373393036939923,1.5085492754054066,0.09810126772881143,1.6256370605969281,2.4936613141248456,1.7597981095498128,0.3652812796148062,1.9133352728480877,2.6524024843473444,1.7353803603363032,0.28153551575824287,1.6324209094515618,2.3897830471986556
32,0.2617993877991494,2.001493926129618,2.5879948843870073,1.5110764496169302,0.5410696457633027,2.101131170939713,2.1968812690484594,1.0255175441577469,1.0966845017849165,2.2092011914228387,2.3110764816273335,0.7017146062087041,1.2695401562443258,2.5044270852616846,2.021304400171957,0.6750491428054919,1.2772344321605984,2.3616608625015756,1.8245215963494905,0.4798980085794469,1.7309773081072006,2.6661260907738065,1.8465833296674965,0.4224602247060634,1.874859019219753,2.4281804638356546,1.3684950133763336,0.6451935489055249,1.8919932884019757,2.4297217382612786,1.239984502792393,0.701269004069773,2.3255113237883474,2.3592794645650623,1.2003870926882765,0.8784744131097416,2.1625309364767897,2.0426704835964093,0.6985548106536,1.4319201358829672,2.5246879761084857,2.13914189098726,0.28024389474695827,1.4394564737078392,2.3617728276334464,1.626508557352213,0.24922826431114534,1.6295623295245318,2.5275621148494953,1.752113247097451,0.4256802645106776
33,0.2617993877991494,2.0523776119318096,2.5038468356759123,1.2956727179752,0.7628708619946835,2.143204171068602,1.8993539655416598,0.7278568034222626,1.5718213750295271,2.573199436134283,1.8669172715170879,0.48944800376476877,1.8069409383474717,2.2282186983965233,1.0841250490689789,1.0056590427870642,2.2468353703883412,2.315220671565979,0.6635724425159218,1.2234899884558261,2.305831350730298,1.6352568731888346,0.21389873647759022,1.7546450673089349,2.541137356777121,1.547790726541281,0.5073989420529932,2.1027024613189136,2.076241103495823,0.9239150264740624,1.3043121589507962,2.390101346388694,2.072584856050632,0.2632005798560842,1.6757924101527795,2.3454672187052497,1.3464552320561456,0.6262788924603345,1.9594938828025115,2.409265580640441,1.0234445909017358,0.9482701831700363,2.310093092403762,1.8460627702740708,0.6546121408895479,1.4701135905458032,2.4584635366464904,1.7537856347204426,0.39315074078841505,2.0223607860209087,2.260676841373223
34,0.2617993877991494,2.100015456033722,2.4060441454603874,1.0334575102373695,1.044270629360248,2.2103026320674894,1.6262843114357184,0.17773590745483223,2.0313340525341146,2.4451674496324793,1.2699036034746318,0.9144397705905649,2.123868336255294,1.7999342836276462,0.4999226140200434,1.9187797677331575,2.44068510041731,1.370598093478863,0.9335612532347192,2.0820762606969034,2.010321154746501,0.44458940661662066,1.7593442201374947,2.4389413316633775,1.4013711405916107,0.9033075182853607,2.028833979029521,2.1668102484145235,0.40299198580322165,1.5362417781450097,2.3731042324042746,1.4244409228774675,0.6556877008325601,1.956971362897786,2.3101273433483778,0.6738445654788658,1.2364456545471814,2.2990335250979475,1.513324864231687,0.20941464742854243,1.9328572948931215,2.4380565009795303,1.0509202594205236,0.983674480091063,2.234464299920548,1.6456121067306855,0.20734997227011995,1.880241011187165,2.5063303509568025,1.3295981650217088,0.7719004922002374
35,0.2617993877991494,2.1436180438551733,2.297962490191353,0.7109501049827847,1.277038683871677,2.2274674981915226,1.2840133493266774,0.6491897337816577,2.3399357641656144,1.9881048447580754,0.3092274763244116,1.533906876568749,2.294710867213421,1.0653293257445295,0.9286140756540849,2.266683882930124,1.5893797675789874,0.11194300412895063,1.9398861204789988,2.376709340063758,0.8178579481362127,1.1749006330219265,2.2079348349324026,1.3501375113675704,0.524261771081484,2.2705017825357166,2.1776051538715633,0.45720933541798603,1.401362272150334,2.227212069526851,1.1343702235382103,0.8537476095159547,2.356200226084344,1.7921269186651432,0.039207495699076396,1.7125240815710274,2.3361112529731027,0.8994486666930324,1.0918168851634031,2.2372100638757684,1.444089045450712,0.382379653160663,2.118157108183686,2.3079410417384505,0.5929935662357951,1.3155284649598775,2.2124891461881386,1.2198885669274426,0.7623241517115317,2.359430992220957,2.0180192069790985
36,0.2617993877991494,2.182428194986008,2.1829407898432365,0.3398256289851141,1.466947503160203,2.1750918084339923,0.8156248689023154,1.2205857715135484,2.3150327389445198,1.3839783807307675,0.8633513433274531,2.2061147152069025,2.0717942031688756,0.3054523690900551,1.6919269582442698,2.0363287641367047,0.636166525739085,1.6104925588875039,2.4059957751083525,1.3676802945045397,1.0799511296773925,2.215347579136105,1.8478203113288527,0.5034700561787616,1.9294267722360166,1.8675201568347088,0.7038426432759181,1.8078805050544338,2.452301740548857,1.255361331497884,1.050381119094844,2.171447213493852,1.4953856833140189,0.41036465995951954,2.1867503262947414,1.779277864971511,0.2560694140312339,1.857853075551487,2.371821111898455,0.8026804793633668,1.2130310478162996,2.164187480849477,1.1386811143735693,0.892447613414411,2.370892606765092,1.7104263160358157,0.3884149378575743,1.8979958109031787,2.2055045787819774,0.29541247000201565,1.5197955743225222
37,0.2617993877991494,2.215749517658377,2.0638945137050673,0.050249968091913434,1.7005634557828293,2.127315889366365,0.3512247496157901,1.603613701275066,2.072332333000808,0.8810372927368295,1.5674914650929284,2.454442574987574,1.407974244923554,1.0522814459732777,2.1670853694837415,1.534997842961884,0.5109028368026871,2.0803972450996038,1.5473547069526161,0.17199265742361142,2.212499366510882,2.0560670489129897,0.05211443029533158,1.695352740121779,2.1693592963181403,0.35269834996702765,1.5280813297587177,2.0557939361982345,0.8432384439384452,1.5324492633981905,2.4371540447175293,1.4142154978541854,1.0872710819222708,2.201297605216818,1.6152694520706752,0.5241857477970859,2.051017596356556,1.5820536300193109,0.1118630070434145,2.2007189079968454,2.0428843425567313,0.14967113117046857,1.6922093755320924,2.2099410795021472,0.38590976467316335,1.4506153633205905,2.046179498163599,0.8116380871042344,1.4799611945837647,2.415123432500621,1.4052826188599536
38,0.2617993877991494,2.2429766374190265,1.9431860908232885,0.40688582792174394,1.8995129342934418,2.001446906516575,0.46496798331404665,1.8632993554322967,1.818467960312192,0.4679001685657276,2.049357548144482,2.116164237477278,0.3731830876286293,1.7027140154061053,2.2210992166211447,0.2565449479919667,1.5011645714257567,1.9532392856391638,0.5633532711784025,1.7146296968116965,2.0783202592894283,0.9444251571769238,1.689697031192683,2.3875102539431627,0.9949752073805558,1.2972103809890945,2.1962911774860325,0.8047755700387922,1.2445539610999936,2.118577377471373,0.926009312960647,1.442693922108889,2.4404945536096605,1.3631502783099283,1.1734577574986633,2.284066693535797,1.3672821415641248,0.8024432759520727,2.0879270873304154,1.1942241354449148,0.8995877504847793,2.33235301369511,1.473996510994784,1.027563428777071,2.2815057948670336,1.7681965892215683,0.7953565520338465,1.961718967623128,1.5950819054011083,0.3790536862446994,2.0615364725787244
39,0.2617993877991494,2.263625047794918,1.8226519478748342,0.7294678221026109,2.065905715875859,1.8065700105489655,0.6756263782105929,1.9397835809613315,1.4391155989079598,0.48591373988358605,2.154570232850389,1.350174295262014,0.9218979363460296,2.378919434116532,1.573017530509735,1.100744910725636,2.251918987786945,1.4844227105445678,0.8149434525391996,2.041549190907733,1.0915816576185107,0.9911915587555389,2.138211955754575,1.066298860857376,1.3904974189102364,2.412532781507253,1.309684949233416,1.2968211172469553,2.295907471273299,1.0364231078128077,1.1391846580808074,2.054775986902482,0.6722647097461304,1.4248025241369817,2.080769595354566,0.9069909017280013,1.7126205535178927,2.2966032805003183,0.9153614132420682,1.554183662965422,2.277523780730497,0.44463359067796915,1.4301501299240873,1.9616040386112368,0.4728422662891012,1.7317853081594448,1.8934791742875867,0.6619755295873131,1.9746659656488095,2.129304700379178,0.24961728413439002
40,0.2617993877991494,2.2773567814240265,1.7036953022346837,0.9959512943228989,2.2452476292697567,1.5352023562662245,0.9382844182985282,2.072483255709737,0.9479215136175084,1.148997112963831,1.9958825078305271,0.6861364094131455,1.6713627124544572,1.9938682270266437,0.7105140191906306,1.955069810020133,2.096400087220172,0.08573528382897654,1.9367834177333196,1.952561868545481,0.7062702699082447,1.8805788361093396,1.4856656303847715,0.5401597558638678,2.0306001360073997,1.1097703086936435,1.1364079450546727,2.243276513034265,1.1437550616357481,1.5552061873831269,2.353559559158935,0.9016187962266083,1.5186998057081889,2.1925506928864857,0.1776471232254543,1.5928190205074921,1.8212515333574764,0.5198751213933416,1.8922678912050532,1.5276890695285197,0.28946845040323066,2.2542521004476317,1.5263054107364429,1.0515351488414824,2.3613241306238724,1.5012770259646235,1.1220731566379023,2.1916523740962366,0.9702508752986333,1.176060922024532,2.00160202720929
41,0.2617993877991494,2.2839971977701246,1.587369845422226,1.1938312239123618,2.358716391881835,1.182799496792014,1.3241251914462322,2.1411600769160897,0.2416857539180222,1.6253797854664034,1.7280080966579845,0.3778629067760647,1.977640008405141,1.2837569608648502,0.8790771110973501,2.201246004271126,1.1447931389473784,1.583666918663095,2.2523722742042613,0.7137813279624561,1.773848881465887,2.109025756075804,0.4105183356989112,1.8867185687860588,1.6950302442073193,0.7083048118169104,1.9906250718497707,1.0026101466643689,1.1626222080982944,1.9984908907308963,0.7260864134031123,1.845527704379275,1.9093411946699193,0.07843033268036267,2.196409449170322,1.7820151112782463,0.9966822953495473,2.247073696307842,1.3879588154914388,1.096195921060185,2.083154502728388,0.48356846351440846,1.372252958959549,1.7916884717111974,0.5751011230528625,1.811884205743463,1.4610891949692604,0.3739631632716531,2.1776135042554663,1.2684327402230733,1.3312705950776829
42,0.2617993877991494,2.2835391625178643,1.4743851333679037,1.3582243607288385,2.361497929311718,0.73966550481191,1.6330638213534874,2.024985706179861,0.613996402084457,1.8999673795007268,1.3083028485823784,0.8522011612278588,1.9442146087314405,0.6318734301415253,1.6567751204097887,1.689729995371154,0.14574807560424782,2.132539018774666,1.3424828171975656,1.2542361720616784,2.2782875956393394,1.0079093100301133,1.8109282958541488,2.110122544402007,0.4038095253399509,2.071405086053585,1.6195475930078735,0.9381944956172366,2.093845064444392,0.598401510992388,1.470859329576668,1.7847634146591653,0.41385273385597027,1.9894862825702733,1.3014992816517663,0.9958485481594379,2.1740103531865045,1.0446987085953396,1.8038067620423799,2.033654832218656,0.07281819617814433,2.1647140553954993,1.7085228695346653,1.1559572331360146,2.268350926144228,0.8996520453049043,1.4254788239886174,2.0079924133056957,0.4808948686862917,1.8487595549534037,1.4087029303986136
43,0.2617993877991494,2.2761325614341343,1.3649631499134467,1.528711769660074,2.254145571563754,0.21307493096190921,2.0024633211097553,1.765622754686743,1.1094951459840885,2.216357468280094,0.6380806789512047,1.5161360106987525,1.8562554690000996,0.6872859270682654,1.8875342461488074,0.9316715838323194,1.199731317960614,1.8212180683000017,0.5514165350615032,1.872399366366081,1.2488471754733086,0.95386858900357,1.987403775117447,0.8238834409080766,1.9244090939882577,1.6629939553357511,0.6450649471668496,2.3107965337710454,1.2483213882307584,1.683224829362804,2.141641208705712,0.19578440418952123,2.1423883381028044,1.598993107625848,1.1964644652179972,2.1984777539480773,0.2847592977685273,1.6350523080837729,1.713702936220288,0.7333706951440038,1.9654917143185822,0.6782938007614393,1.381033133981131,1.7348863061708761,0.42597636541687556,1.9022261968524456,1.0455943169685236,1.228774819429327,1.9311107727131203,0.6624684025045432,2.0448517540432247
44,0.2617993877991494,2.2620612974370387,1.2584836069037801,1.7023828653324662,2.0367551602751996,0.3390907036957618,2.2787705597112264,1.3774619519857638,1.5774948411554865,2.1452502753953717,0.4111988513257113,2.1437434341657493,1.3769351666839387,1.3670202956640545,2.097806582675694,0.4736318399690777,1.953111180416722,1.2828576309218565,1.1665462615816975,1.9532366783445732,0.5272117022321119,1.8150197589333996,1.1628247649688337,1.0602714198414074,1.825461787351354,0.5647015765747034,1.792859350540173,1.0960503140985134,1.0803985579888462,1.7980019197828696,0.5746932937251884,1.8874840088977198,1.144299110722309,1.1874080630403792,1.896189922825145,0.5536000705579041,2.0358815319414143,1.3096383877173567,1.3046133885645304,2.0787660863615787,0.5069517295707106,2.129320050482861,1.5266065227360008,1.3561613563282868,2.249952493933907,0.44082807827391024,2.074318628354525,1.6974644320893693,1.2939267520304927,2.2953493180686926,0.36106651440673393
45,0.2617993877991494,2.2417122757316306,1.152912502187502,1.8574261979188442,1.7910947694389159,0.8530965701305773,2.2508192749200173,0.9015442917710608,2.0154419798462127,1.6983160565367719,1.2852024636614512,2.254187990189243,0.31449855853953446,2.139815273072096,1.5396775134159,1.4990570218508856,2.1696356642839096,0.25504137063048965,2.232603091197271,1.3198992344795983,1.6512874500302328,2.0394721739474226,0.848410713419792,2.2301295012187885,0.9057667154681411,1.747744935025601,1.8824127170744176,1.114353429930319,2.227265237364844,0.3152897086569474,1.8417676941954748,1.6153621852385092,1.1830237404044468,2.118861756093278,0.24750670043816606,1.9510614166815707,1.29654326616298,1.2940697107622179,1.9715089382002025,0.7474207601705555,1.9482786988907412,0.8325093844958343,1.4218706388670896,1.7842586865537258,0.8036573759530646,1.9903056688381768,0.3623936512940529,1.5591738501306944,1.4842199109667409,0.8255363381875083,1.8971605120148707
46,0.2617993877991494,2.2155418951355106,1.0441663749112928,1.9784892524531612,1.5770175583955373,1.3188023653684484,2.09849109253406,0.024258965468880414,2.252002156213876,1.1691940037449218,1.9000745434479356,1.716207510284914,1.1548327229051627,2.156780212642867,0.30747144722414516,2.1680775517133757,1.2830489356453327,1.6997480462039039,1.7531627995768038,0.6330482507119864,2.100041220177988,0.8602567422339987,1.9999924848644004,1.334649404662163,1.408878416693512,1.8765341629165837,0.1984580244992363,2.161239492504566,0.989322529139278,1.9487203115776757,1.5046975629586767,1.2763994352970693,2.0291389459885343,0.06320943041109318,2.1977296057544167,1.1113026429142678,1.8672920793261372,1.6187566351844944,1.0496950860327834,2.0471205055075816,0.44583900407824195,2.068859406603168,1.1714124889475541,1.584569125593231,1.6457318631836604,0.46414730068227184,2.007802921465119,0.853020804880385,1.9242718181449885,1.257110670137487,1.335506368467314
47,0.2617993877991494,2.184045752498054,0.925868706448743,2.053150891697542,1.369344801631773,1.5917045139188992,1.9006006917096683,0.7392450149265972,2.263973054897554,0.5394987066455865,2.194370370294895,1.3292903949862895,1.7882343252032507,1.7704461393557513,1.0824540074244273,2.0742487046975744,0.1900896664801222,2.095085344005791,1.0507218632335444,1.7803090438423073,1.3038523378445936,1.0830491141330434,1.6389797980253484,0.28699589508831014,1.7744516671758293,0.6235320646477629,1.595301755245683,0.9848081899985396,1.1230096304858181,1.5668416344765745,0.6496808233886281,1.8461770833336102,0.3798772617665222,1.7933266724948465,0.9006319124255716,1.440538919282422,1.6253822429680937,0.8724532659174407,1.9583683226937534,0.5350434533747926,1.9291888398387584,0.6153513874785005,1.5660636329187383,1.3407526816129185,0.970261799752438,1.7452085252624248,0.6623360949524916,1.836014965857984,0.2802228713202121,1.626774298199672,1.1837577828254362
48,0.2617993877991494,2.1477342926671583,0.7903276274497077,2.060929474531885,1.1383115427284016,1.6948230255338097,1.4269389681467137,1.0437155773767437,1.6575916952026748,0.31364902112437565,1.817336511383036,0.6197681027344936,1.8002927832044362,0.7296747637311493,1.4804455292089864,1.2768810136913475,0.965170544157351,1.651851849227892,0.7239336509100237,1.879805650843518,0.38225294830898937,1.908209027395531,0.7061191026804595,1.6511493538990796,1.48620952103425,1.3149704923057493,1.93452922560937,1.1115379654192485,2.179907258150792,0.24804202509170323,2.2403112011230695,0.8651051704044112,2.052964878035882,1.5070883669625097,1.7015100446704903,1.8523730797628488,1.15500123470554,2.0370320368121075,0.13729086556338238,2.0995204026132988,0.8499126223217454,1.9982865937216665,1.0990705943589625,1.6281947439988467,1.442259627972368,0.948392700509595,1.6766038243350039,0.32159907328586745,1.7902515401910384,0.582666137269066,1.752790482814546
49,0.2617993877991494,2.1071156054653137,0.6317392465157687,1.9884577604943994,0.9060366457488399,1.6950567494960997,0.9696005682633749,1.3529396741388373,1.3559438511031088,0.8654877511591845,1.633359989537162,0.7363863289590104,1.8805754197714142,0.5843662045800729,1.981242861325197,0.30183333887362346,1.9257779064449132,1.1179001577341057,1.8627217261719764,1.615281676669228,1.6375857207939928,1.8671942854215455,1.2287865322560771,1.9447437018125018,0.4271200856350727,2.0283131561876453,0.4744860833867709,1.9128374001193058,0.7811005038620054,1.7019422515767921,0.8371382366096387,1.403391113213275,1.279301719224351,0.9949880990008745,1.6234342010052054,0.8663064746496167,1.943262264144185,0.7247853227436954,2.0530195076299766,0.1307674112298193,2.071397685170969,0.9946478265246045,1.987838165267066,1.507908597038585,1.7477305284231797,1.7128825183566285,1.3298333133527043,1.8048349087778934,0.5771529824027803,1.9275388116341596,0.3440858157227129
50,0.2617993877991494,2.0626838117734945,0.4526317784007833,1.8730338390336883,0.7422159842150774,1.7391551910947296,0.6080475247209621,1.502723314309283,0.9152472448019359,1.4371755883548385,1.4410395478450237,1.3839071742645666,1.8131299137275194,1.395321262669204,2.032964499427421,1.0892914056085352,2.033978809980184,0.4043343252489764,2.0049921713145094,0.3219381036484948,1.8297622601335253,0.6986260157817827,1.7470222902946362,0.5181623726815381,1.5682504558427095,0.8146514587541639,1.5214684770771396,1.3785977180824538,1.5029058967176034,1.758448751154292,1.4790299692497075,1.9694548438458765,1.2121925341824145,1.957352128194397,0.5584609333234941,1.9488394865090675,0.20727205056763284,1.8188950344635368,0.665006833385979,1.7527120457137815,0.4583312232895879,1.6483754534931638,0.6880160738447264,1.578859621078408,1.2698365757669288,1.5965130001810208,1.6817620867181748,1.5492782638301443,1.901595514399964,1.3413567950333314,1.9109957690743282
